idAreaCon,nombre,propositoFormacion,idCatTem
e04868ea8a7a4c,,,9b8ff1e404b246
e1f64fb5f3b846,Modelo de procesos,,9b8ff1e404b246
6f7d4973cbce48,Proyectos,,9b8ff1e404b246
906e359c3afe4d,,,c5d4036ccf7a48
3120a57091cb47,,,1f2419b86e604b
fdfac6a01ec342,,,9aa8eba3c28f4c
de0f4a52642343,Analitycs,Conocimiento,9aa8eba3c28f4c
27e5d9f3a0824a,,,efa91a81ba9c47
828d4f79815246,Liderazgo,,efa91a81ba9c47
7e29cc9a0dbe4c,,,81866535f04f47
068b3d16883142,,Conocimiento,81866535f04f47
8ea7a5622ca440,Español,Conocimiento,93bee3039ae647
1d562073e3374e,,,93bee3039ae647
3af0cf060fbe4b,Inglés,Conocimiento,93bee3039ae647
16ec43247d014c,inglés,Conocimiento,93bee3039ae647
567ba2dc11e74c,,,71fac79657674c
098d680cd00542,,Conocimiento,
cd11f9ab128d47,,,
6522361063d54a,,Conocimiento,9b8ff1e404b246
c3e9ca904bbc41,Legal,Desempeño,9b8ff1e404b246
fdf1f7ce0c9e4a,,Conocimiento,1f2419b86e604b
bdb020b0206244,,Conocimiento,9aa8eba3c28f4c
2f6357bc4ef043,,Conocimiento,efa91a81ba9c47
39bb842aee2e47,,Desempeño,efa91a81ba9c47
843da92519fc4e,Chino,Conocimiento,93bee3039ae647
f97bbfa7ea6444,,Conocimiento,71fac79657674c
58263030cae140,Proyectos,,
d4cecfd3927543,Corporate Governance,Conocimiento,9b8ff1e404b246
0ee57a03716848,Process model,Resultado del negocio,9b8ff1e404b246
3ff4c36c4c9c41,Culture,Conocimiento,9b8ff1e404b246
89c87cb5f40c4f,Cementos,Conocimiento,9b8ff1e404b246
7fe14cf2452846,Servicio al Cliente,Resultado del negocio,9b8ff1e404b246
27a0111d119644,Servicio al Cliente,Conocimiento,9b8ff1e404b246
21b801f13d544f,Servicio al cliente,Conocimiento,9b8ff1e404b246
ef82823b455f44,Academia E4,Resultado del negocio,9b8ff1e404b246
b9077f4f279d4a,Projects,Desempeño,9b8ff1e404b246
2a470fdda0ab44,Corporate Government,Conocimiento,9b8ff1e404b246
752c0a93722e4b,Centro de servicios,Conocimiento,c5d4036ccf7a48
bdd1287a449644,Tecnologías de información funcionales,Resultado del negocio,c5d4036ccf7a48
6aadf0d252704a,Cadena de abastecimiento,Desempeño,1f2419b86e604b
292c13d8760c4f,Logistics,Desempeño,1f2419b86e604b
78b50dee48ef4e,Planning,Conocimiento,1f2419b86e604b
bae4f3917ed741,Suppliers management,Desempeño,1f2419b86e604b
6ef7899db88549,Planning,Resultado del negocio,1f2419b86e604b
068e9da85bb84d,Logistics,Conocimiento,1f2419b86e604b
c8aab43657414c,Software,Desempeño,9aa8eba3c28f4c
e980a7ab700f47,IT,Conocimiento,9aa8eba3c28f4c
cf6bf51ac9d54a,Tecnologías de información funcionales,Resultado del negocio,9aa8eba3c28f4c
071b4c8a04e740,Tecnologías de información técnicas,Conocimiento,9aa8eba3c28f4c
b7be73fe7c0b44,IT,Resultado del negocio,9aa8eba3c28f4c
62b8879381484f,,Desempeño,9aa8eba3c28f4c
f24d3fdab2b24c,Tecnologias de la información funcionales,Conocimiento,9aa8eba3c28f4c
17d96fc705e644,Software,Resultado del negocio,9aa8eba3c28f4c
ded27b37d29b40,IT,Desempeño,9aa8eba3c28f4c
c5067aff1d1340,Tecnologías de información funcionales,Conocimiento,9aa8eba3c28f4c
da0f84276e6a43,Liderazgo,Conocimiento,efa91a81ba9c47
816d49dde5324c,Leadership And Management,Desempeño,efa91a81ba9c47
8852eef05cd24c,Leadership And Management,Conocimiento,efa91a81ba9c47
0a27e52ab67a4f,Competencies,Conocimiento,efa91a81ba9c47
1820fb8df91445,Liderazgo,Resultado del negocio,efa91a81ba9c47
3a676208432546,Gestión humana,Conocimiento,efa91a81ba9c47
7dfd5a3fce984c,Human Resources,Desempeño,efa91a81ba9c47
9b38cbec535e42,Human Resources,Conocimiento,efa91a81ba9c47
45538ed3926e43,Competencies,Desempeño,efa91a81ba9c47
3d1ae8caf3f345,Leadership And Management,Resultado del negocio,efa91a81ba9c47
a07bd4c24cda4c,Leadership and management,Desempeño,efa91a81ba9c47
79cae2a2da6a42,Finance,Conocimiento,81866535f04f47
e9981851aefb4d,Corporate Finance,Conocimiento,81866535f04f47
2f77a296b8654b,Corporate Finance,Resultado del negocio,81866535f04f47
45b4ab353f2b46,Finance,Desempeño,81866535f04f47
e17fd7a9f9b948,Accounting,Conocimiento,81866535f04f47
caf1d38520b046,Corporate Finance,Desempeño,81866535f04f47
05cb823182734e,Holandés,Conocimiento,93bee3039ae647
d8fd3b49818c4e,Ingles,Conocimiento,93bee3039ae647
c8323f5d5ed045,Ingléz,Conocimiento,93bee3039ae647
d7c0d0314f9e4f,OH&S,Conocimiento,71fac79657674c
a4347ae34fe346,Leadership And Management,Conocimiento,71fac79657674c
b20ef9e7cc134f,OH&S- I Promise To Watch,Desempeño,71fac79657674c
951cccef1c154a,OH&S,Desempeño,71fac79657674c
a0dc9ce03b9f4d,Ambiental,Resultado del negocio,71fac79657674c
479d08ae0a0a41,Environment,Conocimiento,71fac79657674c
d436305f2a954f,Social,Conocimiento,71fac79657674c
bdefd23baf6c40,Sustainability,Desempeño,71fac79657674c
e5c2db608df844,Composure,Conocimiento,71fac79657674c
41421021d26941,Energy Generation,Desempeño,71fac79657674c
99feae63044243,OH&S- Operative Discipline,Conocimiento,71fac79657674c
8094b335cfd742,Sustainability,Conocimiento,71fac79657674c
ea0f8541f7504c,OH&S Operative Discipline,Desempeño,71fac79657674c
df0b4652090d4d,Environment,Desempeño,71fac79657674c
f85ae9ecc1d144,Environment,Resultado del negocio,71fac79657674c
ed96b1c6edf34d,Portafolio de productos,Conocimiento,f8d721b610b540
f8b00f87986d43,Servicio al cliente,Conocimiento,f8d721b610b540
a75a927a72c048,Concrete,Conocimiento,f8d721b610b540
a3ddd3bdc5b147,Maintenance,Conocimiento,f8d721b610b540
c865395313b341,Cement,Desempeño,8711f4f7f40c40
01739e4926dd4c,Packing And Product Dispatch,Conocimiento,8711f4f7f40c40
7aa2b72d9b1e4a,Cement,Conocimiento,8711f4f7f40c40
34bb7329bac64e,Quality,Conocimiento,8711f4f7f40c40
dfdf02fe23f34a,Control de Procesos,Conocimiento,8711f4f7f40c40
11652fc2680947,Maintenance,Conocimiento,8711f4f7f40c40
6e63087abd1141,Maintenance,Desempeño,8711f4f7f40c40
6aca3df5930546,Cement,Resultado del negocio,8711f4f7f40c40
a54d610f489c49,Calidad,Conocimiento,8711f4f7f40c40
15d4d634c9414c,Cement Grinding,Desempeño,8711f4f7f40c40
f32f41862d664b,Finance,Conocimiento,8711f4f7f40c40
a40ac378d2cd45,Process control,Desempeño,8711f4f7f40c40
39eff6e391c94e,Cementos,Resultado del negocio,8711f4f7f40c40
3ce77c3f8f7c4a,Energy Generation,Conocimiento,8711f4f7f40c40
b6c948284f7540,Process Management,Desempeño,8711f4f7f40c40
3eb830ef4b004f,Energy Generation,Desempeño,8711f4f7f40c40
81175c3ea53346,,Conocimiento,8711f4f7f40c40
0a0d2433ff2047,Service Clients,Resultado del negocio,9b8ff1e404b246
41d8c9e1f84d47,Les Risques,Conocimiento,9b8ff1e404b246
ca6e7ad8eab84f,Direction,Desempeño,efa91a81ba9c47
146c3f400bc746,Relations De Travail,Desempeño,efa91a81ba9c47
b954a1ba1cab44,Comptabilité,Conocimiento,81866535f04f47
89b3e297fbc440,Capacité fonctionnelle et technique,Desempeño,71fac79657674c
65552225d7ae42,,Desempeño,71fac79657674c
018994e7c7764f,Cementos,Desempeño,8711f4f7f40c40
0cac9edf722e4f,Ciments,Desempeño,8711f4f7f40c40
8869fee2540b4d,Ciments,Conocimiento,8711f4f7f40c40
11b99e672f0542,Contrôle De Processus,Conocimiento,8711f4f7f40c40
41101dea85534f,Capacité fonctionnelle et technique,Desempeño,8711f4f7f40c40
28ae344067244e,Administración de procesos,Desempeño,8711f4f7f40c40
66008bb4c32346,Customer service,Resultado del negocio,9b8ff1e404b246
cb4e4de98b3b4e,Technical information technologies,Conocimiento,9aa8eba3c28f4c
68daeca5d29845,Riesgos,Conocimiento,9b8ff1e404b246
5b647672a48f4a,Gestión de Proveedores,Conocimiento,9b8ff1e404b246
c70a606668d74d,Gestión de Proveedores,Desempeño,9b8ff1e404b246
34d0166ab5ab4b,Modelo De Procesos,Desempeño,9b8ff1e404b246
4df9dc2098b948,Servicio Al Cliente,Desempeño,9b8ff1e404b246
dde1e66429a543,Auditoria,Desempeño,9b8ff1e404b246
86eac3c97aea49,Gobierno corporativo,Conocimiento,9b8ff1e404b246
f4424bd7a18748,Legal,Conocimiento,9b8ff1e404b246
996ce3524c3245,Servicio Al Cliente,Conocimiento,9b8ff1e404b246
bb302e7ff0ec4d,Riesgos,Desempeño,9b8ff1e404b246
3b3e958a448a45,Gobierno Corporativo,Conocimiento,9b8ff1e404b246
d47aa4c232e54e,Legal,Resultado del negocio,9b8ff1e404b246
676ce5e42baf44,Proyectos,Resultado del negocio,9b8ff1e404b246
cec6cb6f916743,Servicio Al Cliente,Resultado del negocio,9b8ff1e404b246
d21ede7a880b41,Modelo de procesos,Resultado del negocio,9b8ff1e404b246
f2277a3d819540,Servicio al cliente,Desempeño,9b8ff1e404b246
c5a51247880e44,Prioridades Estratégicas & Cultura,Resultado del negocio,9b8ff1e404b246
89dffd980d8847,,Resultado del negocio,9b8ff1e404b246
36d6a3a941e542,Proyectos,Conocimiento,9b8ff1e404b246
2ef099e12f754c,Modelo de procesos,Desempeño,9b8ff1e404b246
fc2d2f96f9d749,Servicio al Cliente,Desempeño,9b8ff1e404b246
da18ace5cc1f4d,Cultura,Conocimiento,9b8ff1e404b246
441a52f3f11a4c,Gobierno corporativo,Desempeño,9b8ff1e404b246
511a1a70b75641,Custormer Service,Resultado del negocio,9b8ff1e404b246
a6c4791b1b2e42,Modelo de procesos,Conocimiento,9b8ff1e404b246
89b0115e684a44,Riesgos,Resultado del negocio,9b8ff1e404b246
c93485db34b24c,Modelo De Procesos,Conocimiento,9b8ff1e404b246
71d9c012679349,Gestión Humana,Resultado del negocio,9b8ff1e404b246
7ed217b9754f43,Cementos,Resultado del negocio,9b8ff1e404b246
a4f42a887f7f4e,Auditoría,Resultado del negocio,9b8ff1e404b246
9dd911b61aba40,,Desempeño,9b8ff1e404b246
bac5357eb3c14e,Corporativa,Conocimiento,9b8ff1e404b246
a8dd35a306c148,Corporativa,Resultado del negocio,9b8ff1e404b246
b8cd75fd035749,Software,Conocimiento,9b8ff1e404b246
992393c1cf1e48,Gobierno corporativo,Resultado del negocio,9b8ff1e404b246
938a6f578f824a,Proyectos,Desempeño,9b8ff1e404b246
dc47b6ddb5d145,Auditoria,Conocimiento,9b8ff1e404b246
8246dfe1610048,Gestión Humana,Conocimiento,9b8ff1e404b246
b91ce424cd9141,Academia E4,Conocimiento,9b8ff1e404b246
a5c2fcc42c0e4a,Servicio al cliente,Resultado del negocio,9b8ff1e404b246
62b73c7fcdbc4f,Auditoria,Resultado del negocio,9b8ff1e404b246
8cfbe52a3dae47,Cultura,Resultado del negocio,9b8ff1e404b246
422b6411a1ba42,Liderazgo,Conocimiento,9b8ff1e404b246
b1fb7202293243,Academia E4,Desempeño,9b8ff1e404b246
d56f7029204f47,Gobierno Corporativo,Resultado del negocio,9b8ff1e404b246
736dafde6fb64b,Gestión de Proveedores,Resultado del negocio,9b8ff1e404b246
5027f4497a3442,Auditoría,Desempeño,9b8ff1e404b246
9b8711a914ad40,Cultura,Desempeño,9b8ff1e404b246
5a06e960c1b749,Modelo de Procesos,Desempeño,9b8ff1e404b246
12df7f9cdb5747,Agregados,Conocimiento,
a5a9b4dfcd6b4b,Transformación 4.0,Desempeño,c5d4036ccf7a48
a7950d843c6443,Transformación 4.0,Conocimiento,c5d4036ccf7a48
baa889f888694e,Centro de servicios,Resultado del negocio,c5d4036ccf7a48
35e04de713e64c,Transformación 4.0,Resultado del negocio,c5d4036ccf7a48
76e4dcf5b27444,Planeación,Conocimiento,1f2419b86e604b
3bffb955e21b45,Cadena de abastecimiento,Resultado del negocio,1f2419b86e604b
6763a3d9328e46,Gestión de Proveedores,Conocimiento,1f2419b86e604b
9c47a6932ee64b,Tecnologías de la información funcionales,Conocimiento,1f2419b86e604b
c69f027f5afd4d,Logística,Conocimiento,1f2419b86e604b
2266a18a0a5140,Planeación,Resultado del negocio,1f2419b86e604b
34d0048fcadc40,Gestión de Proveedores,Desempeño,1f2419b86e604b
9c7730d65f8f4c,Logística,Resultado del negocio,1f2419b86e604b
130204f7731946,Negociación,Desempeño,1f2419b86e604b
7425a7a8a64240,Gestión de Proveedores,Resultado del negocio,1f2419b86e604b
1fa1361cf56743,Negociación,Conocimiento,1f2419b86e604b
48347318a75b40,Gestión de proveedores,Conocimiento,1f2419b86e604b
cd66c23fee9749,Logística,Desempeño,1f2419b86e604b
48e5987643304c,Logistica,Resultado del negocio,1f2419b86e604b
69ef4a41b66941,Aviación,Desempeño,
dff541c1fe5546,Aviación,Conocimiento,
93f49e7e192c4d,Academia E4,Resultado del negocio,0ca94a8d79c845
aabdc154c06f4b,Academia E4,Conocimiento,0ca94a8d79c845
2eb0bac67fab47,TI,Resultado del negocio,0ca94a8d79c845
45b6301f246e47,Academia E4,Desempeño,0ca94a8d79c845
2ad01c9d890140,Seguridad Y Salud En El Trabajo,Desempeño,0ca94a8d79c845
07827e6e2c3547,Academía E4,Resultado del negocio,0ca94a8d79c845
94059c9b046d4a,Finanzas Corporativas,Resultado del negocio,0ca94a8d79c845
508eaf3673ef4e,,Resultado del negocio,0ca94a8d79c845
207afed5117446,Cadena De Abastecimientos,Resultado del negocio,0ca94a8d79c845
d0860e0ed46f49,TI,Conocimiento,9aa8eba3c28f4c
d0a7c1db33234f,Programas Informáticos,Resultado del negocio,9aa8eba3c28f4c
11b72451053543,TI,Resultado del negocio,9aa8eba3c28f4c
d35f30bdb36748,Programas Informáticos,Desempeño,9aa8eba3c28f4c
b7f1bf97db094e,Analitica,Desempeño,9aa8eba3c28f4c
d998350cc30a4e,Tecnologías de la información funcional,Conocimiento,9aa8eba3c28f4c
2cd1df9af69a40,Analitica,Conocimiento,9aa8eba3c28f4c
861e616c0abf4e,TI,Desempeño,9aa8eba3c28f4c
61c1ce2e30dd4b,Modelo De Procesos,Conocimiento,9aa8eba3c28f4c
1e8edcfdeab449,Tecnologías de información funcionales,Desempeño,9aa8eba3c28f4c
d0cf6797697144,Habilidad Funcional Y Técnica,Desempeño,9aa8eba3c28f4c
1d1eaae90f034a,Software,Conocimiento,9aa8eba3c28f4c
b7d371a3cec64f,Programas Informáticos,Conocimiento,9aa8eba3c28f4c
82b3c61516434f,Auditoría,Conocimiento,9aa8eba3c28f4c
597877b9023a46,Cultura,Conocimiento,efa91a81ba9c47
9ee995824bc84c,Liderazgo,Desempeño,efa91a81ba9c47
546224ad851843,Gestión humana,Desempeño,efa91a81ba9c47
75a682ed2a0f45,Competencias,Conocimiento,efa91a81ba9c47
1918a430c68542,Competencias,Desempeño,efa91a81ba9c47
75eb66d073ca43,Competencias,Resultado del negocio,efa91a81ba9c47
63f28fc5bd9c46,Competencias Blandas,Resultado del negocio,efa91a81ba9c47
4a31b57ad0d941,Ambiental,Conocimiento,efa91a81ba9c47
eb727b16af754f,Políticas Organizacionales,Conocimiento,efa91a81ba9c47
7972f859aeac45,Gestión Humana,Conocimiento,efa91a81ba9c47
ad284d5cc1f648,Analitica,Conocimiento,efa91a81ba9c47
a20d3d1d0a4a4c,Competencias Blandas,Conocimiento,efa91a81ba9c47
c61d4dd1bc8a45,Gestión Humana,Desempeño,efa91a81ba9c47
385fbe0340c64f,Competencias blandas,Desempeño,efa91a81ba9c47
909a16bf9b0145,Gestión Humana,Resultado del negocio,efa91a81ba9c47
fbff880541624b,Relaciones Laborales,Conocimiento,efa91a81ba9c47
413b191ca79249,Relaciones Laborales,Desempeño,efa91a81ba9c47
4d46213d1df54b,Habilidades blandas,Conocimiento,efa91a81ba9c47
3e1cc636e29f4d,Academia E4,Conocimiento,efa91a81ba9c47
3c9fcf0365bd4f,Desarrollo De Colaboradores,Conocimiento,efa91a81ba9c47
7f16060a5a184e,Competencias blandas,Conocimiento,efa91a81ba9c47
b0e5a4a0bc8b4d,Liderazgo y Gerencia,Resultado del negocio,efa91a81ba9c47
437a8f671cdd4c,Competencias blandas,Resultado del negocio,efa91a81ba9c47
cbe29048b3774b,Cultura,Desempeño,efa91a81ba9c47
dafb4703219048,Competencias Blandas,Desempeño,efa91a81ba9c47
85d867b7c3854e,Mantenimiento,Resultado del negocio,efa91a81ba9c47
d0013d91e3de49,,Resultado del negocio,efa91a81ba9c47
0b4afc36f1d945,Relaciones Laborales,Resultado del negocio,efa91a81ba9c47
81aa90df29cc44,Desarrollo De Colaboradores,Desempeño,efa91a81ba9c47
1c2ea666f81a46,Gestión humana,Resultado del negocio,efa91a81ba9c47
644e270026c347,Agudeza Estrategica,Conocimiento,efa91a81ba9c47
7a7c4775f02c45,Seguridad en el trabajo,Resultado del negocio,efa91a81ba9c47
e2ac6133bafb46,Finanzas Corporativas,Conocimiento,81866535f04f47
d09375d27e8242,Finanzas Corporativas,Desempeño,81866535f04f47
63d05c508de042,Finanzas corporativas,Conocimiento,81866535f04f47
b33d904b6db249,Finanzas Corporativas,Resultado del negocio,81866535f04f47
f6f59ed376fb44,Finanzas corporativas,Resultado del negocio,81866535f04f47
1068fde80c324a,Contabilidad,Conocimiento,81866535f04f47
b71f21ce9d9e4b,Contabilidad,Desempeño,81866535f04f47
b6f4293f0edb4d,FINANZAS CORPORATIVAS,Conocimiento,81866535f04f47
35d0c0cd7c254f,CONTABILIDAD,Conocimiento,81866535f04f47
8c784983e96543,Portugués,Conocimiento,93bee3039ae647
41ab1127671e40,Centro de Servicios,Conocimiento,93bee3039ae647
b668797aec8949,SISO,Desempeño,71fac79657674c
02dd6d07c1824d,Seguridad en el trabajo,Conocimiento,71fac79657674c
d5d341cfe47441,Sostenibilidad,Resultado del negocio,71fac79657674c
1c697ec49d464a,Sostenibilidad,Conocimiento,71fac79657674c
680b51b1e82f4f,SISO,Conocimiento,71fac79657674c
98896c9aa1da4c,SISO-Salud Ocupacional,Conocimiento,71fac79657674c
a05eaf89007145,Salud en el trabajo,Conocimiento,71fac79657674c
7426d31d422545,Academia E4,Resultado del negocio,71fac79657674c
269e31783de240,Seguridad y salud en el trabajo,Conocimiento,71fac79657674c
b9fcd030e0c34e,Seguridad En El Trabajo,Conocimiento,71fac79657674c
ab0eee2ce75246,SISO - Gestión De Riesgos,Conocimiento,71fac79657674c
94917384422f48,Salud En El Trabajo,Desempeño,71fac79657674c
3b2e9bf2c50142,Seguridad en el Trabajo,Conocimiento,71fac79657674c
dde5f336b5644d,Salud En El Trabajo,Conocimiento,71fac79657674c
880f36ded17549,Ambiental,Conocimiento,71fac79657674c
43c4abe9d4a14a,Ambiental,Desempeño,71fac79657674c
fe9db7d33a934a,Planeación,Conocimiento,71fac79657674c
3fbd76f094e541,Gestión Humana,Conocimiento,71fac79657674c
2a400d0aa3c644,Sostenibilidad,Desempeño,71fac79657674c
41e52d6f345c41,Seguridad En El Trabajo,Desempeño,71fac79657674c
dc4905a47e3643,Social,Resultado del negocio,71fac79657674c
27e558e2e24f4f,Seguridad En El Trabajo,Resultado del negocio,71fac79657674c
ffb6d59502684a,Seguridad y salud en el trabajo,Desempeño,71fac79657674c
2b29298b938f4a,SISO-Yo Prometo Observar,Conocimiento,71fac79657674c
402a48e2418b46,SISO - Gestión De Riesgos,Desempeño,71fac79657674c
5af0a7b03a5a44,SISO-Investigación Y Análisis De Incidentes,Resultado del negocio,71fac79657674c
c9978e11ce764a,Planeación Minera Y Abastecimiento De Materias Primas,Desempeño,71fac79657674c
c21b29972aed40,Calidad,Conocimiento,71fac79657674c
b5e21e4892f34f,Seguridad en el trabajo,Desempeño,71fac79657674c
d8d657befc1c46,Liderazgo,Conocimiento,71fac79657674c
7b97e0619f334f,Seguridad Y Salud En El Trabajo,Resultado del negocio,71fac79657674c
b1f416449b5742,SISO-Disciplina Operativa,Desempeño,71fac79657674c
2af04ac3d37d4c,Políticas Organizacionales,Conocimiento,71fac79657674c
850789d7870749,Seguridad Y Salud En El Trabajo,Desempeño,71fac79657674c
a3951b8a25474f,SISO-Salud Ocupacional,Desempeño,71fac79657674c
c53e12f2d49d42,SISO,Resultado del negocio,71fac79657674c
18c5b12869824e,Social,Desempeño,71fac79657674c
2ec61f241f7c49,Seguridad en el Trabajo,Desempeño,71fac79657674c
1d2d8d4f473f43,Salud en el trabajo,Desempeño,71fac79657674c
1f029540153748,Control de procesos,Resultado del negocio,71fac79657674c
b3a0ac1dc13349,Derechos Humanos,Conocimiento,71fac79657674c
d0791c0878b047,Seguridad y Salud en el Trabajo,Conocimiento,71fac79657674c
19d19fc29ecb48,Gestión humana,Conocimiento,0bf5d92466db43
3e15283e21b840,"Diversidad, equidad e inclusión",Conocimiento,0bf5d92466db43
2c18ae9364d947,Cultura inclusiva,Conocimiento,0bf5d92466db43
be754c40f19046,Entrega de producto,Conocimiento,f8d721b610b540
2f6506f6c03d41,Logística De Entrega,Desempeño,f8d721b610b540
02aec3faed264f,Concretos,Conocimiento,f8d721b610b540
ceac50390c1b4d,Competencias,Desempeño,f8d721b610b540
da3278a678e84a,Mantenimiento,Conocimiento,f8d721b610b540
5ac350cf64c749,Concreto,Conocimiento,f8d721b610b540
1f823135f54b4e,Producción De Concreto,Conocimiento,f8d721b610b540
9de3d7d6826846,Logística De Entrega,Conocimiento,f8d721b610b540
482960a809c54a,,Conocimiento,f8d721b610b540
3fd14f9f1ae140,Comercial y ventas,Conocimiento,f8d721b610b540
09e3fe032c514d,Concretos,Desempeño,f8d721b610b540
3170c1f3260f46,Materias Primas,Desempeño,f8d721b610b540
1c28100078b542,Calidad,Conocimiento,f8d721b610b540
f3aea511f21945,Producción del concreto,Conocimiento,f8d721b610b540
ab0e9014031844,Concretos,Resultado del negocio,f8d721b610b540
8f080f7b7e4c41,Servicio Al Cliente,Conocimiento,f8d721b610b540
d9397e9f626b46,Gestión de operación y mantenimiento vías y aeropuertos,Conocimiento,3afe98f2102b4d
6b20dc868c2447,Gestión De Proyectos De Construcción,Conocimiento,3afe98f2102b4d
e002087fde6b48,Gestión De Operación Y Mantenimiento De Vías Aeroportuarias,Resultado del negocio,3afe98f2102b4d
cbcc35b4ef414d,Infraestructura,Resultado del negocio,3afe98f2102b4d
d97da0433e5b4f,Infraestructura,Conocimiento,3afe98f2102b4d
26fdd9870e004a,Gestión de estructura de proyectos,Conocimiento,3afe98f2102b4d
c6f8d4733a3946,Aeropuertos,Resultado del negocio,3afe98f2102b4d
e849264a3a914b,Infraestructura,Desempeño,3afe98f2102b4d
2091548bf31b48,Gestión de estructuración de proyectos,Conocimiento,3afe98f2102b4d
0f1bbb6cb95f47,Aeropuertos,Conocimiento,3afe98f2102b4d
ae66d4e494b247,,Resultado del negocio,3afe98f2102b4d
e7597dd3908248,Gestión Y Administración De Las Concesiones (Vías Y Aeropuertos),Resultado del negocio,3afe98f2102b4d
800a5e55755345,Gestión y administración de las concesiones (vías y aeropuertos),Conocimiento,3afe98f2102b4d
e7cb55234fa347,Gestión De Operación Y Mantenimiento De Vías Aeroportuarias,Conocimiento,3afe98f2102b4d
8b4fdd30d42d48,Aviación,Conocimiento,3afe98f2102b4d
7fd0631dcf3143,Gestión Y Administración De Las Concesiones (Vías Y Aeropuertos),Conocimiento,3afe98f2102b4d
7a9dfe89ed4543,Gestión de proyectos de construcción,Conocimiento,3afe98f2102b4d
674564b020a843,Cementos,Conocimiento,8711f4f7f40c40
1d2409b8ee7f49,Mantenimiento,Conocimiento,8711f4f7f40c40
2d75a622cb4b45,Competencias,Desempeño,8711f4f7f40c40
b3a51fda180747,Comercial Y Ventas,Conocimiento,8711f4f7f40c40
65365cea2a024a,Homogenización Del Crudo,Resultado del negocio,8711f4f7f40c40
d9eedc9d40d945,Control de procesos,Conocimiento,8711f4f7f40c40
f9d8d4753f234d,Almacenamiento Y Prehomogeneizacion Materias Primas,Desempeño,8711f4f7f40c40
74727c386bc847,Mantenimiento,Desempeño,8711f4f7f40c40
812a47b6ff5145,Control De Procesos,Conocimiento,8711f4f7f40c40
91bed3c7f5944a,Gerencia de procesos,Desempeño,8711f4f7f40c40
1c21342c2d934e,Control De Procesos,Desempeño,8711f4f7f40c40
7a553bc71a4d48,Agregados,Conocimiento,8711f4f7f40c40
9d582b69cc9344,Comercial,Desempeño,8711f4f7f40c40
4d132c33213d49,Calidad,Resultado del negocio,8711f4f7f40c40
8532c2ed98a44b,Empaque y despacho de productos,Resultado del negocio,8711f4f7f40c40
c4637d8dc9e248,Calidad,Desempeño,8711f4f7f40c40
74e256a854c849,Producción,Conocimiento,8711f4f7f40c40
75880197403c41,Gerencia de procesos,Conocimiento,8711f4f7f40c40
496a5804dabc40,Planeación Minera Y Abastecimiento De Materias Primas,Desempeño,8711f4f7f40c40
c6e75e143f6248,Empaque Y Despacho De Productos,Desempeño,8711f4f7f40c40
96954b80b16d41,Planeación Minera Y Abastecimiento De Materias Primas,Conocimiento,8711f4f7f40c40
7f378c5796974f,Explotación de minas,Conocimiento,8711f4f7f40c40
020692da77cf43,Mantenimiento,Resultado del negocio,8711f4f7f40c40
43073cb07fda41,Generación De Energía,Conocimiento,8711f4f7f40c40
4a4d1260c58940,Servicio Al Cliente,Resultado del negocio,8711f4f7f40c40
9c7ce15b354e42,Planeación minera y abastecimiento de materias primas,Conocimiento,8711f4f7f40c40
e82d7fc9cf8546,Cement grinding,Conocimiento,8711f4f7f40c40
3be8e7f399074c,Control De Procesos,Resultado del negocio,8711f4f7f40c40
d89cac79299f40,Control de procesos,Desempeño,8711f4f7f40c40
dfacaf6ea7cb4a,Explotación De Minas,Desempeño,8711f4f7f40c40
fa980152c15b4f,Empaque y despacho de productos,Conocimiento,8711f4f7f40c40
1de8c14314bc4d,Empaque Y Despacho De Productos,Conocimiento,8711f4f7f40c40
ff2fe7d55c434c,Empaque y despacho de productos,Desempeño,8711f4f7f40c40
33c1aa1e416a44,Molienda del crudo,Desempeño,8711f4f7f40c40
8abbb5c839c846,Piroproceso,Resultado del negocio,8711f4f7f40c40
140cd99be8e544,SISO,Desempeño,8711f4f7f40c40
d29c187763e249,Generación De Energía,Resultado del negocio,8711f4f7f40c40
de04890a909140,Gestión de procesos,Resultado del negocio,8711f4f7f40c40
0ea72550396142,Piroproceso,Desempeño,8711f4f7f40c40
613329be7c2442,Explotación De Minas,Conocimiento,8711f4f7f40c40
98ef1c5d766c4d,Control de Procesos,Desempeño,8711f4f7f40c40
1307f82ffd5c43,Empaque Y Despacho De Productos,Resultado del negocio,8711f4f7f40c40
e284fc0c81aa40,Generación de energía,Conocimiento,8711f4f7f40c40
4e0560cc118c4f,Planeación minera y abastecimiento de materias primas,Desempeño,8711f4f7f40c40
6710481220844e,Proyectos,Conocimiento,8711f4f7f40c40
2c35a476b2af4a,Piroproceso,Conocimiento,8711f4f7f40c40
354704bb779441,Molienda De Cemento,Conocimiento,8711f4f7f40c40
9a39f83d85fb4f,Control de Procesos,Resultado del negocio,8711f4f7f40c40
bebc76c4ab9545,,Desempeño,8711f4f7f40c40
754fc4d98b924e,,Resultado del negocio,8711f4f7f40c40
322917f5241545,Social,Conocimiento,8711f4f7f40c40
00e72c54bf584a,Gerencia de Procesos,Conocimiento,8711f4f7f40c40
d074b9e70b384c,Customer service,Conocimiento,9b8ff1e404b246
1f49adf2076148,Liderazgo,Resultado del negocio,9b8ff1e404b246
7ad281318b7c42,Process Model,Conocimiento,9b8ff1e404b246
322ed14d670544,Centro de servicios,Desempeño,c5d4036ccf7a48
25b085b9a8e049,Supply chain,Desempeño,1f2419b86e604b
4c34bb000f1d49,Analitycs,Resultado del negocio,9aa8eba3c28f4c
e0177829d8354c,Functional information technologies,Conocimiento,9aa8eba3c28f4c
7b6b84ff57744c,Tecnologías de información técnicas,Desempeño,9aa8eba3c28f4c
1f979c4d6bb84c,Tecnologias de información Técnica,Resultado del negocio,9aa8eba3c28f4c
b8da3ffa6b1645,Tecnologías de Información Técnicas,Conocimiento,9aa8eba3c28f4c
eb4817f4c1574c,Tecnologías de información técnicas,Resultado del negocio,9aa8eba3c28f4c
60fcd3d0d0c64a,Tecnologías de información Técnica,Desempeño,9aa8eba3c28f4c
dc51a3687c3847,Analitycs,Desempeño,9aa8eba3c28f4c
6df5e9f668b44c,Tecnologias de información técnica,Conocimiento,9aa8eba3c28f4c
967d821cd84947,Tecnologia de información Funcionales,Conocimiento,9aa8eba3c28f4c
73c5ca184fbf43,Tecnologías de la información técnicas,Desempeño,9aa8eba3c28f4c
99143997724d47,Tecnologías de información tecnicas,Conocimiento,9aa8eba3c28f4c
482fba85eb0945,Tecnologías de la información técnicas,Conocimiento,9aa8eba3c28f4c
6c3dfc4d6cc747,Tecnologías de información Técnicas,Conocimiento,9aa8eba3c28f4c
8021e444012748,Leadership,Desempeño,efa91a81ba9c47
06a071aa7b9c4c,Leadership,Conocimiento,efa91a81ba9c47
083618875aa544,English,Conocimiento,efa91a81ba9c47
a55204ae3f8242,Liderazgo y gerencia,Conocimiento,efa91a81ba9c47
7a3ed7aa14564d,Leadership,Resultado del negocio,efa91a81ba9c47
d2abdeb02a994d,Process control,Conocimiento,efa91a81ba9c47
a5de9c8c8e7c40,Leadership and management,Conocimiento,efa91a81ba9c47
aaf053d8049f41,Leadership_and_management,Desempeño,efa91a81ba9c47
5332aa4df0f548,Culture,Conocimiento,efa91a81ba9c47
3c3853c0cfd14e,GH,Resultado del negocio,efa91a81ba9c47
571a1afa10ea45,Corporate finance,Resultado del negocio,81866535f04f47
561f24a6779445,Corporate finances,Conocimiento,81866535f04f47
3122f8e57da04d,Finanzas corporativas,Desempeño,81866535f04f47
255bcf35744c41,Inglés,Desempeño,93bee3039ae647
036ea4e90aae4a,OH&S- Occupational Health,Conocimiento,71fac79657674c
b84fbc000cb042,Medio Ambiente,Conocimiento,71fac79657674c
d5249ed66d1140,OH&S- Occupational Health,Resultado del negocio,71fac79657674c
2e8abd0f57614f,OH&S- Risks Management,Conocimiento,71fac79657674c
04410ecaa72042,Safety At Work,Conocimiento,71fac79657674c
4717d0a76cfd42,"Diversity, equality and inclusion",Conocimiento,0bf5d92466db43
9c286ff56be14a,Concrete,Desempeño,f8d721b610b540
1e9cf720295648,Gestión de operación y mantenimiento vías y aeropuertos,Resultado del negocio,3afe98f2102b4d
08ee318bb52247,Airports,Conocimiento,3afe98f2102b4d
34caf82de3e94b,Airport Commercial Management,Resultado del negocio,3afe98f2102b4d
74b19bcc9e0d4d,Operation And Maintenance Management Roads And Airports,Conocimiento,3afe98f2102b4d
3b402f97f5254b,Airports,Resultado del negocio,3afe98f2102b4d
9f4bc5f65bae47,Operation And Maintenance Management Roads And Airports,Resultado del negocio,3afe98f2102b4d
89a890bbcfd840,Process control,Conocimiento,8711f4f7f40c40
9d53ffece63543,Control de procesos,Resultado del negocio,8711f4f7f40c40
5c20a9cf75924e,Inglés,Conocimiento,
9f00bc7dfc8041,Cadena De Abastecimiento,Resultado del negocio,1f2419b86e604b
7af61ec21c2c41,Francés,Conocimiento,93bee3039ae647
28cda4d77dee42,Prioridades Estratégicas & Cultura,Desempeño,9b8ff1e404b246
ddabc2298fe04a,Tecnologías de información técnicas,Desempeño,9b8ff1e404b246
8f80d14f9daa4c,Gobierno Corporativo,Desempeño,9b8ff1e404b246
372df2d954bb4e,Servicio al cliente,,9b8ff1e404b246
b6bbf0d8259246,Gobierrno corporativo,Conocimiento,9b8ff1e404b246
dc866fa7db8f4d,Finanzas corporativas,Conocimiento,9b8ff1e404b246
70dccfff850847,Prioridades Estratégicas & Cultura,Conocimiento,9b8ff1e404b246
f35aa56cef8a48,Gestión Humana,Desempeño,9b8ff1e404b246
68271e39fcc649,Políticas Organizacionales,Conocimiento,9b8ff1e404b246
65b4a03cfb9c4f,Corporativa,Desempeño,9b8ff1e404b246
054c990a7a6f4f,Modelo de Procesos,Conocimiento,9b8ff1e404b246
ca3a9f50c8644b,Habilidades blandas,Conocimiento,9b8ff1e404b246
964b74391a6e46,Seguridad en el trabajo,Desempeño,9b8ff1e404b246
c2a9069a856444,Procesos,Resultado del negocio,9b8ff1e404b246
a781f6c6ecfe4c,Tecnologías de información funcionales,Conocimiento,9b8ff1e404b246
c176310f3fa149,Control de procesos,Conocimiento,9b8ff1e404b246
cc1d51188c254c,Seguridad en el Trabajo,Conocimiento,9b8ff1e404b246
33eb8631ca5f40,Modelo De Procesos,Resultado del negocio,9b8ff1e404b246
6c4a7795e06949,Modelo de Procesos,Resultado del negocio,9b8ff1e404b246
3a53de8cdfc740,Servicio Al Cliente,Resultado del negocio,c5d4036ccf7a48
42cb5ac9edf84f,Centro de Servicios,Desempeño,c5d4036ccf7a48
cd0dc14bd2ea4e,Servicio al Cliente,Desempeño,c5d4036ccf7a48
99518b01ffb54d,Servicio al cliente,Resultado del negocio,c5d4036ccf7a48
6b105296ab8a45,Tranformación 4.0,Conocimiento,c5d4036ccf7a48
974f7c95695d42,Servicio al Cliente,Resultado del negocio,c5d4036ccf7a48
552ae39d19244a,Servicio al cliente,Conocimiento,c5d4036ccf7a48
8d2da4a219ab4a,Servicio al cliente,Desempeño,c5d4036ccf7a48
8d6c91f24cbd4b,Centro de Servicios,Conocimiento,c5d4036ccf7a48
4d9946e880374a,Transformación digital,Conocimiento,c5d4036ccf7a48
fc2e89ff1c4740,Transformacion 4.0,Conocimiento,c5d4036ccf7a48
25342191d5f84b,Programas Informáticos,Resultado del negocio,c5d4036ccf7a48
0056201eb4f644,Servicio al Cliente,Conocimiento,c5d4036ccf7a48
edfde1c00ed946,Software,Desempeño,c5d4036ccf7a48
94edd972d09c45,Transformación .0,Conocimiento,c5d4036ccf7a48
886c1b5af6ec4f,,Conocimiento,c5d4036ccf7a48
626807eef72c4d,Tranformación 4.0,,c5d4036ccf7a48
4271fda57c0a40,Cadena De Abastecimiento,Conocimiento,1f2419b86e604b
5f1ba5849a1144,Liderazgo,Conocimiento,1f2419b86e604b
f2841f24afc54e,Gestión de proveedores,Desempeño,1f2419b86e604b
cf3eb5439c8f4f,Gestión Humana,Conocimiento,1f2419b86e604b
40134bfcca2c44,Planeación,Desempeño,1f2419b86e604b
08081847bdd346,PLaneación,Conocimiento,1f2419b86e604b
1517a8a3953049,Logistica,Desempeño,1f2419b86e604b
6b139fd48efb4f,Cadena De Abastecimiento,Desempeño,1f2419b86e604b
938d1d5e53ef44,,Desempeño,1f2419b86e604b
bb5bbb28ff9a41,Gestion de proveedores,Conocimiento,1f2419b86e604b
4c8ee0f8c1d443,Modelo de procesos,Conocimiento,
1ac3f0b2f1a042,Funcional,Conocimiento,0ca94a8d79c845
1af46a9343144c,,Conocimiento,0ca94a8d79c845
a132c419e4c146,Habilidades técnicas y funcionales,Conocimiento,0ca94a8d79c845
a1fd4fc148804f,Acadenua E4,Conocimiento,0ca94a8d79c845
3a1ce132d09a4a,Competencias blandas,Conocimiento,9aa8eba3c28f4c
fa821670c9eb48,Tecnologías de Información Funcionales,Desempeño,9aa8eba3c28f4c
a63dae005f9543,Tecnologías de la información funcionales,Desempeño,9aa8eba3c28f4c
57b64081dd974c,Tecnologías de la información funcionales,Conocimiento,9aa8eba3c28f4c
e89118a85b7848,Tecnologia de información funcionales,Desempeño,9aa8eba3c28f4c
c2b93553cdb641,Tecnología de información tecnica,Desempeño,9aa8eba3c28f4c
21fcc9f1db9449,Tecnología de información funcional,Desempeño,9aa8eba3c28f4c
6c8313a36c4d49,Habilidad funcional y tecnica,Resultado del negocio,9aa8eba3c28f4c
9b271fa290684b,Tecnologías de la información tecnica,Conocimiento,9aa8eba3c28f4c
57e4fb19ba264d,Tecnologías de Información Técnicas,Desempeño,9aa8eba3c28f4c
2602de7301204f,Tecnologías de información técnica,Conocimiento,9aa8eba3c28f4c
6ff5d68fca8949,Ti,Desempeño,9aa8eba3c28f4c
89a6c8820df042,Programas informaticos,Conocimiento,9aa8eba3c28f4c
84e62757f30143,tecnologías de la información funcionales,Conocimiento,9aa8eba3c28f4c
a439f7ee220f44,Tecnologías de la información técnica,Desempeño,9aa8eba3c28f4c
d6e7881e0b754d,Tecnologías de información funcional,Desempeño,9aa8eba3c28f4c
d6e8174453d24e,Tecnologías de Información funcionales,Conocimiento,9aa8eba3c28f4c
68c863d033bc46,tecnologías funcionales,Desempeño,9aa8eba3c28f4c
cc7e0d506bb343,Tecnologías de la información técnica,Conocimiento,9aa8eba3c28f4c
ee7e2d31ebf44f,Programas informaticos,Resultado del negocio,9aa8eba3c28f4c
708a729ab35846,Tecnología de la información técnica,Conocimiento,9aa8eba3c28f4c
ab2c335e08554f,Tecnologías de la información funcionales,Resultado del negocio,9aa8eba3c28f4c
301d002e88f04b,Tecnología de información técnicas,Conocimiento,9aa8eba3c28f4c
04f7b461c6364d,Ti,Conocimiento,9aa8eba3c28f4c
ba695e6e9dec4b,Tecnologías de información tecnicas,Desempeño,9aa8eba3c28f4c
e6c359df61b947,Funcional,Conocimiento,9aa8eba3c28f4c
3a5283de21fb49,Social,Conocimiento,9aa8eba3c28f4c
abc22bee34ed41,Tecnologías del a información técnicas,Conocimiento,9aa8eba3c28f4c
2a2c042a8a6e40,Tecnologías de la información técnicas,Resultado del negocio,9aa8eba3c28f4c
4502818e90e248,Transformación 4.0,Conocimiento,9aa8eba3c28f4c
51e239db11e744,TI funcionales,Conocimiento,9aa8eba3c28f4c
d9628d6a90a24f,Tecnologías de información técnica,Desempeño,9aa8eba3c28f4c
ad870281f8fd43,Tecnologias de información tecnicas,Conocimiento,9aa8eba3c28f4c
f69bfecd97394a,Tecnologías de información Técnicas,Desempeño,9aa8eba3c28f4c
bf07f55cf5d04e,Tecnología de Información Técnicas,Conocimiento,9aa8eba3c28f4c
afa08f3ad7ca4e,Analitica,Resultado del negocio,9aa8eba3c28f4c
ec1c32ca66cf49,Tecnologías de Información funcionales,Desempeño,9aa8eba3c28f4c
449ec2d3ece745,Analítica,Desempeño,9aa8eba3c28f4c
8da8b207c7824a,Sofware,Desempeño,9aa8eba3c28f4c
7a00282d3e454c,Tecnología de información funcionales,Conocimiento,9aa8eba3c28f4c
f823c92082fa4c,Tecnologías de información,Conocimiento,9aa8eba3c28f4c
f91250746d9b4f,software,Resultado del negocio,9aa8eba3c28f4c
6f79c5daffcf41,Tecnologías de la información Técnica,Conocimiento,9aa8eba3c28f4c
46f4d847857e43,OpenWebinars,Conocimiento,9aa8eba3c28f4c
4e201b52a0d349,Tecnologías de onformación técnicas,Conocimiento,9aa8eba3c28f4c
a4f1fe9953b54d,Programas informaticos,Desempeño,9aa8eba3c28f4c
87dbf797fe954b,Tecnologías de Información Funcionales,Conocimiento,9aa8eba3c28f4c
26c7a1727bd246,Servicio al cliente,Resultado del negocio,efa91a81ba9c47
77ad5d7badbf44,Desempeño,Desempeño,efa91a81ba9c47
62d35cbb9cdc41,Servicio al cliente,Conocimiento,efa91a81ba9c47
e77cd588ba9144,Competencia Blanda,Conocimiento,efa91a81ba9c47
236729505f9b4d,Social,Conocimiento,efa91a81ba9c47
251a096b89e648,L,Desempeño,efa91a81ba9c47
f432958b8e0146,"Diversidad, equidad e inclusión.",Conocimiento,efa91a81ba9c47
8d3f7079bde945,Planeación,Conocimiento,efa91a81ba9c47
d68270766cc042,Gestion humana,Conocimiento,efa91a81ba9c47
cc6940983c4642,Competencia blanda,Conocimiento,efa91a81ba9c47
a47430bb82ae46,Competencias Blancas,Resultado del negocio,efa91a81ba9c47
a792644544a146,Competencias Blancas,Conocimiento,efa91a81ba9c47
fd44bf6976e54f,Competencias Bladas,Desempeño,efa91a81ba9c47
5170a450efda49,Líderazgo,Conocimiento,efa91a81ba9c47
db0c48c0cd6e46,Servicio al cliente,Desempeño,efa91a81ba9c47
87406ced1cc941,Legal,Conocimiento,efa91a81ba9c47
b0d948807d1143,Modelo procesos,Conocimiento,efa91a81ba9c47
4689a79c6b4841,Gobierno corporativo,Resultado del negocio,efa91a81ba9c47
783a9bba167d44,competencias blandas,Desempeño,efa91a81ba9c47
362419bdcdab41,Modelo de procesos,Conocimiento,efa91a81ba9c47
5a3811b82a8948,Liedrazgo,Desempeño,efa91a81ba9c47
efc11698a56a44,Finanzas,Desempeño,81866535f04f47
7822ef72cf3347,Finanzas,Conocimiento,81866535f04f47
3a12cfd7beea48,,Resultado del negocio,81866535f04f47
dfd69f9be4674d,Finanzas,Resultado del negocio,81866535f04f47
f7c5926dd00745,Contabilidad,Resultado del negocio,81866535f04f47
ffa7e330a6b344,Administración de Procesos,Conocimiento,81866535f04f47
d844c442a17b41,Contabilildad,Conocimiento,81866535f04f47
d1eb3b4a0be144,Contabilidad,,81866535f04f47
3fcdd38d48604a,,Desempeño,81866535f04f47
3e82b840b40545,Finazas corporativas,Conocimiento,81866535f04f47
a98fdf30ee3142,Fianzas corporativas,Conocimiento,81866535f04f47
10d2b9be4c4f41,Finanzas personales,Conocimiento,81866535f04f47
79f9e486bc2842,Español,Desempeño,93bee3039ae647
edf5af6dbe624f,Tecnologías de información técnicas,Conocimiento,93bee3039ae647
879c0da9db0442,Fránces,Conocimiento,93bee3039ae647
c30e1daccfbd4e,Seguridad y salud en el trabajo,Resultado del negocio,71fac79657674c
219dd517cd5f44,Seguridad y Salud en el Trabajo,Resultado del negocio,71fac79657674c
900301c6824146,Competencias blandas,Conocimiento,71fac79657674c
ac8807d390aa43,Seguridad y Salud en el Trabajo,Desempeño,71fac79657674c
8cb265975e5048,SISO-Disciplina Operativa,Conocimiento,71fac79657674c
5bbe6bbd716841,Competencias Blandas,Conocimiento,71fac79657674c
b7af7690c5014b,Riesgos,Conocimiento,71fac79657674c
33c7cc82f38949,Salud En El Trabajo,Resultado del negocio,71fac79657674c
7491b4495a674b,Gestión de riesgos,Desempeño,71fac79657674c
beaea435c65444,SISO-Gestión De Riesgos,Conocimiento,71fac79657674c
d8859ff52b234c,Seguridad en el trabajo,Resultado del negocio,71fac79657674c
036c8fecc85043,SISO-Investigación Y Análisis De Incidentes,Desempeño,71fac79657674c
83604f94c73941,Social,,71fac79657674c
1863d99e082943,SISO-gestión de riesgos,Conocimiento,71fac79657674c
ea7240685d6a47,Riesgos,Desempeño,71fac79657674c
55fb4ea1e79946,Competencias blandas,Desempeño,71fac79657674c
7ef67d2ccb464f,Seguridad y Salud en el trabajo,Conocimiento,71fac79657674c
c4dc7cc10b864f,Liderazgo,,71fac79657674c
623bc332ec2b44,Gobierno corporativo,Conocimiento,71fac79657674c
eb687f33aa6142,Gestión humana,Conocimiento,71fac79657674c
ef59e245204946,Competencias Blandas,Desempeño,71fac79657674c
32345d1616cf49,Riesgos,Resultado del negocio,71fac79657674c
943003dccb2841,Salud en el Trabajo,Desempeño,71fac79657674c
8d3387886fd04d,Salud en el trabajo,Resultado del negocio,71fac79657674c
cda00dbe80644c,SISO-Gestión De Contratistas,Conocimiento,71fac79657674c
e677b63e51fc41,Salud en el Trabajo,Conocimiento,71fac79657674c
289c3d8131004c,Ambiental,,71fac79657674c
50f7bc599f2d4b,Control De Procesos,Conocimiento,71fac79657674c
489239543cf147,Gestión Humana,Resultado del negocio,71fac79657674c
ac3759aaae4146,Contabilidad,Conocimiento,71fac79657674c
eabc06519c4b41,SSeguridad y Salud en el Trabajo,Desempeño,71fac79657674c
bc690692994b4e,Seguridad y Salud en el Trabajo,,71fac79657674c
640b70194cfd46,"Diversidad, equidad e inclusión",Resultado del negocio,0bf5d92466db43
5f28f82afaf544,Ciencias del Comportamiento,Desempeño,0bf5d92466db43
4998fa4ceffe41,Social,Resultado del negocio,0bf5d92466db43
43296d605b524b,"Diversidad, equidad e inclusión",Desempeño,0bf5d92466db43
9549fe7c6b224c,Cultura inclusiva,Resultado del negocio,0bf5d92466db43
c0dd070d7b834d,Ciencias del comportamiento,Desempeño,0bf5d92466db43
436ae908c1514a,"Diversidad, Equidad e Inclusión",Conocimiento,0bf5d92466db43
9a318f623a424b,Transformación 4.0,Desempeño,0bf5d92466db43
f2fa9b757ff24b,Inteligencia cultural,Desempeño,0bf5d92466db43
83e38c6981254b,Sesgos cognitivos,Desempeño,0bf5d92466db43
c38931c6fef64d,"Diversidad, equidad e inclusión.",Conocimiento,0bf5d92466db43
54c9675b87ca4d,Social,,0bf5d92466db43
76d1d80448a64b,Cultura Inclusiva,Resultado del negocio,0bf5d92466db43
356007d866ff42,"Diversidad, equidad e inclusiòn",Conocimiento,0bf5d92466db43
c9c1585786144f,Social,Conocimiento,0bf5d92466db43
73caafd779174e,,,0bf5d92466db43
b4d4015e8c2644,"Diversidad, equidad e inclusión",,0bf5d92466db43
d7e485a743ed46,Legal D&I,Conocimiento,0bf5d92466db43
a49613d1aef14f,,Conocimiento,0bf5d92466db43
38644a254edd44,Diseño De Concreto,Desempeño,f8d721b610b540
2e82ea1253db41,Calidad,Desempeño,f8d721b610b540
e5e57b18effd4a,Mantenimiento,Desempeño,f8d721b610b540
1fb3d2aa1c1c49,Producción de Concreto,Desempeño,f8d721b610b540
4f94fe37d0f54b,Planeación Logística,Desempeño,f8d721b610b540
e03181e46b784b,Materias Primas,Conocimiento,f8d721b610b540
3f5da78c18ab42,Portafolio De Productos,Conocimiento,f8d721b610b540
67ae5a66991646,Producción De Concreto,Desempeño,f8d721b610b540
b757033ae9e344,Materias primas,Resultado del negocio,f8d721b610b540
b39f1ac5c1da44,,Desempeño,f8d721b610b540
0391dca888014a,Producción de Concreto,Conocimiento,f8d721b610b540
6e6cc2354f8241,Producción del concreto,Resultado del negocio,f8d721b610b540
f07ab3348c3a4a,Seguridad y Salud en el trabajo,Conocimiento,f8d721b610b540
0750197dbe4245,Concreto,Desempeño,f8d721b610b540
60ccaa19229a43,Habilidades Blandas,Desempeño,f8d721b610b540
0ff0c25f503049,Portafolio de productos,Desempeño,f8d721b610b540
1e47992172bd44,Diseño De Concreto,Conocimiento,f8d721b610b540
d3ed87d2b5d944,Producción de concreto,Conocimiento,f8d721b610b540
ab563ef649ac48,Sales,Desempeño,f8d721b610b540
d762877e3dca4b,,Resultado del negocio,f8d721b610b540
97c9dc83cf7e4e,Materias primas,Conocimiento,f8d721b610b540
49c3d11052dd4d,Gestión Comercial Aeroportuaria,Resultado del negocio,3afe98f2102b4d
4962f9e4e6834a,Gestión comercial aeroportuaria,Conocimiento,3afe98f2102b4d
dde60b457cd746,Gestión de operación y mantenimiento vías y aeropuertos,Desempeño,3afe98f2102b4d
d555e2a775b24d,Gestión Y Administración De Las Concesiones Vías Y Aeropuertos,Resultado del negocio,3afe98f2102b4d
3a3b99c687e649,Gestión del contrato,Conocimiento,3afe98f2102b4d
1af2e4b12d244d,Gestion De Operación Y Mantenimiento Vías Y Aeropuertos,Resultado del negocio,3afe98f2102b4d
d2c5c45aaa2e4a,Gestión De Contratos,Conocimiento,3afe98f2102b4d
348b30a1369f49,Gestión de estructuración proyectos,Conocimiento,3afe98f2102b4d
c35a6ea8112f4d,Gestión comercial aeropuertaria,Conocimiento,3afe98f2102b4d
78860887224d4c,Gestión de Estructuración de Proyectos,Conocimiento,3afe98f2102b4d
a2efd8a7574e4a,Aeropuertos,Desempeño,3afe98f2102b4d
8f14a75cad324b,Gestión De Estructuración De Proyectos,Conocimiento,3afe98f2102b4d
3c95593961bb41,Infraesctructura,Conocimiento,3afe98f2102b4d
4ff26934fa6a4d,Gestipon comercial aeroportuaria,Conocimiento,3afe98f2102b4d
19cea4feb6b34e,CAPA - Centre for Aviation,Conocimiento,3afe98f2102b4d
1133b3e9e2e149,Gestión Comercial Aeroportuaria,Conocimiento,3afe98f2102b4d
ef269556eba849,Gestión Comercial Vial,Conocimiento,3afe98f2102b4d
113b3e3ba30f45,Aeroportuario,Desempeño,3afe98f2102b4d
4cec6822d85442,Inffraestructura,Conocimiento,3afe98f2102b4d
0fd5f0dae3c040,Gestión de Operación y mantenimiento de vías y aeropuertos,Conocimiento,3afe98f2102b4d
97ab567d416046,Gerencia De Procesos,Resultado del negocio,8711f4f7f40c40
4d058a5c0a3f4e,Producción de concreto,Desempeño,8711f4f7f40c40
0696d6269cc147,Cemento,Conocimiento,8711f4f7f40c40
a3312d8329c442,Explotación de minas,Desempeño,8711f4f7f40c40
3657f985095644,Gerencia De Procesos,Conocimiento,8711f4f7f40c40
710e17e2e6944a,Explotación de minas,Resultado del negocio,8711f4f7f40c40
fb64ef8dd2a147,Almacenamiento Y Prehomogeneizacion Materias Primas,Conocimiento,8711f4f7f40c40
1d0ffb2f347c41,Homogeneización del curso,Conocimiento,8711f4f7f40c40
b2288feda41949,Planeación Minera y Abastecimiento de Materias Primas,Conocimiento,8711f4f7f40c40
3debf050b6a846,Cementos,,8711f4f7f40c40
0a89037d58884e,Planeación minera y abastecimiento de materias primas,,8711f4f7f40c40
d7dffb79e92c4b,SISO,Conocimiento,8711f4f7f40c40
eb732935b05c49,,,8711f4f7f40c40
e30c2e5daaed4e,Control de proceso,Desempeño,8711f4f7f40c40
a08e568cf75440,Cemento,Desempeño,8711f4f7f40c40
84e97d3d7f104a,Gerencia de Procesos,Desempeño,8711f4f7f40c40
818526885f404f,Tech and Solve,Conocimiento,8711f4f7f40c40
6696e879fde74e,Gestion de procesos,Conocimiento,8711f4f7f40c40
36c280f2b58648,Molienda de cemento,Desempeño,8711f4f7f40c40
3275546c967042,Inventarios,Conocimiento,8711f4f7f40c40
eca7ae561c2047,Gestión Humana,Desempeño,
d1a25fb2c7dd4b,SISO-Salud Ocupacional,Conocimiento,
97fbe25d33ea46,Cemento,Conocimiento,
d0a9de952b2644,Liderazgo,Conocimiento,
8a859943a48e42,Process model,Desempeño,9b8ff1e404b246
dfa22fd1d20740,Risks,Conocimiento,9b8ff1e404b246
2bf86dd01e664c,Corporate,Conocimiento,9b8ff1e404b246
554437ba6afa4f,Cementos,Desempeño,9b8ff1e404b246
d2c3c14c245849,Maintenance,Desempeño,
fdfa62b9263143,Supply Chain,Desempeño,1f2419b86e604b
d2616cde31a840,Planning,Desempeño,1f2419b86e604b
1a3e97ff877747,Suppliers management,Conocimiento,1f2419b86e604b
d83e0e0d56ac46,Supplier management,Conocimiento,1f2419b86e604b
84813ef2bfcd46,OH&S,Conocimiento,efa91a81ba9c47
e19612aaddd440,Culture,Desempeño,efa91a81ba9c47
bcd59f27ecee4b,Finance,Resultado del negocio,81866535f04f47
031521655b124f,OH&S Operative Discipline,Resultado del negocio,71fac79657674c
9f2e3ca020a949,Risks,Conocimiento,71fac79657674c
1b34f34c32dd4a,OH&S Occupational Health,Conocimiento,71fac79657674c
87d808bb59da48,OH&S Operative Discipline,Conocimiento,71fac79657674c
cb45b0a636f247,OH&S- Risks Management,Resultado del negocio,71fac79657674c
1faa3a572daf45,OH&S Occupational Health,Desempeño,71fac79657674c
2be9f92aff9e47,OH&S- I Promise to Watch,Desempeño,71fac79657674c
67034aa6ed1149,OH&S- Suppliers Management,Conocimiento,71fac79657674c
b5921c0a356e41,OH&S- I Promise To Watch,Conocimiento,71fac79657674c
b07f2652eb9548,Competencies,Desempeño,71fac79657674c
50ad98bbf29845,Product Delivery,Desempeño,f8d721b610b540
1d1bc01a672d4d,Concrete Production,Conocimiento,f8d721b610b540
768856be669141,Product Delivery,Conocimiento,f8d721b610b540
1729dbcae3b045,Pyroprocess,Desempeño,8711f4f7f40c40
4db52d92430445,Process Management,Conocimiento,8711f4f7f40c40
65088dde386241,Mining Planning & Raw Material Supply,Desempeño,8711f4f7f40c40
9b5dce3250df46,Quality,Desempeño,8711f4f7f40c40
696e6b2b9d7444,Packing And Product Dispatch,Desempeño,8711f4f7f40c40
9dbd02e5ee5747,OH&S,Conocimiento,8711f4f7f40c40
ced71c589f5243,OH&S,Resultado del negocio,71fac79657674c
fe48cefc18fa46,Qualité,Desempeño,8711f4f7f40c40
031b8923bc2940,Innovación,Conocimiento,9b8ff1e404b246
05c4d2d712a847,Gerencia De Procesos,Conocimiento,9b8ff1e404b246
282d629d9c6545,Negociación,Resultado del negocio,1f2419b86e604b
88623fc3711b4b,Academía E4,Conocimiento,0ca94a8d79c845
3f27ed5cae734f,Academia E4,,0ca94a8d79c845
dd1e159e21f74d,Comercial,Conocimiento,0ca94a8d79c845
ecde0d0d45914f,Mantenimiento,Resultado del negocio,9aa8eba3c28f4c
a09b121b378242,Seguridad en el trabajo,,71fac79657674c
45d21c1f03324d,SISO-Disciplina Operativa,Resultado del negocio,71fac79657674c
73131ec50cb64a,SISO-Yo Prometo Observar,Resultado del negocio,71fac79657674c
b665879780aa49,Academía E4,Conocimiento,71fac79657674c
54649c09e62c4d,Cementos,Conocimiento,71fac79657674c
d6508406483841,,Resultado del negocio,71fac79657674c
4f0bd0847d4a4e,Derechos Humanos,Desempeño,71fac79657674c
bfae8536549045,Seguridad Y Salud En El Trabajo,Conocimiento,71fac79657674c
786710cd55a94d,Habilidad Funcional Y Técnica,Conocimiento,71fac79657674c
3d97439389e54f,SISO-Gestión De Contratistas,Resultado del negocio,71fac79657674c
c265b42b4a2748,Sesgos cognitivos,Conocimiento,0bf5d92466db43
dcc3b2e6269b4f,Comercial Y Ventas,Conocimiento,f8d721b610b540
ae110743248c43,Producción de concreto,Desempeño,f8d721b610b540
6391a5a6c31546,Entrega De Producto,Conocimiento,f8d721b610b540
79d51ed139e64a,Entrega De Producto,Desempeño,f8d721b610b540
bc148b8a72044c,Concrete production,Desempeño,f8d721b610b540
24672fcda5c542,Logistica de entrega,Conocimiento,f8d721b610b540
689cb77cee804d,Productos De Concreto,Conocimiento,f8d721b610b540
2f5f3f60bb6843,Planeación logística,Desempeño,f8d721b610b540
62a4ce1a52cd4e,Comercial Y Ventas,Desempeño,f8d721b610b540
a99af3116ca347,Gestión De Operación Y Mantenimiento De Vías Aeroportuarias,Desempeño,3afe98f2102b4d
8c3c36ffcc994b,Molienda de cemento,Conocimiento,8711f4f7f40c40
b7ec4f0570b746,Molienda de crudo,Desempeño,8711f4f7f40c40
5d37792833424e,Empaque y despacho de producto,Desempeño,8711f4f7f40c40
d49fee17163a47,Liderazgo,Conocimiento,8711f4f7f40c40
fe974085d58e45,Molienda De Cemento,Resultado del negocio,8711f4f7f40c40
56527157d8304a,Contabilidad,Conocimiento,8711f4f7f40c40
3cf694b421ae4b,Servicio al cliente,Resultado del negocio,8711f4f7f40c40
7b8acae5663948,Sostenibilidad,Conocimiento,8711f4f7f40c40
0fc33e4507974c,Gerencia De Procesos,Desempeño,8711f4f7f40c40
b02818d67e8a4a,Molienda de crudo,Conocimiento,8711f4f7f40c40
7890519d9b964c,Gilberto Olmedo,Conocimiento,8711f4f7f40c40
8a9a20e599a243,Molienda De Crudo,Conocimiento,8711f4f7f40c40
36f18480f2fd49,Planeación Minera Y Abastecimiento De Materias Primas,Resultado del negocio,8711f4f7f40c40
b727d447e16240,Trituracion,Conocimiento,8711f4f7f40c40
abf5ec1f604348,Molienda De Crudo,Resultado del negocio,8711f4f7f40c40
79565a0d832c49,Molienda De Cemento,Desempeño,8711f4f7f40c40
e63f9f4c80e34c,Canteras,Conocimiento,8711f4f7f40c40
9c00f003bfd245,Homogenización del crudo,Desempeño,8711f4f7f40c40
34659fcababa44,SISO-Disciplina Operativa,Conocimiento,8711f4f7f40c40
951f164d2fa142,Gestión de procesos,Conocimiento,8711f4f7f40c40
3becdf918e554f,Generación de energía,Desempeño,8711f4f7f40c40
776f10bd16df42,Homogenización Del Crudo,Conocimiento,8711f4f7f40c40
0e78909bb31344,Molienda del cemento,Resultado del negocio,8711f4f7f40c40
3fd23c19ed6042,Trituracion,Resultado del negocio,8711f4f7f40c40
4331a6d2b4e64a,Mantenimiento,Conocimiento,
cfa748de53d14f,Liderazgo,Desempeño,
7bb198be3c0640,Gestión humana,Conocimiento,
0c7faebb0b3145,Logistica,Conocimiento,1f2419b86e604b
8c4a8de4512345,Habilidades blandas,Desempeño,efa91a81ba9c47
0f6cec7f2a364b,Frances,Conocimiento,93bee3039ae647
f52e3ccf2d7841,Ciencias del comportamiento,Conocimiento,71fac79657674c
e5c611cac13840,Salud,Conocimiento,71fac79657674c
9a45bd3068bf42,,Conocimiento,3afe98f2102b4d
a1d3bfe29f2e42,,Conocimiento,93bee3039ae647
72febc9890c84c,Tecnologías de la Información funcionales,Conocimiento,9aa8eba3c28f4c
4e38818c729042,Frank Foronda,Conocimiento,9aa8eba3c28f4c
2c0140b1145942,Tennologías de información técnicas,Conocimiento,9aa8eba3c28f4c
f3dc27e4847143,"Diversidad, equidad e inclusión",Conocimiento,93bee3039ae647
18031a208d5a42,Ciencias del comportamiento,Desempeño,71fac79657674c
336bd0b3170b44,Finanzas corporativas,Conocimiento,
a91f94b1995c4a,Seguridad y Salud en el trabajo,Conocimiento,
16794965b2d344,,Conocimiento,
90f5572f68564e,Tecnologías de la Información técnicas,Conocimiento,9aa8eba3c28f4c
4b8a97f6fb8548,,,0ca94a8d79c845
6a86639e1da245,Organizational Policies,Resultado del negocio,9b8ff1e404b246
fe65f547666747,Performance,,9b8ff1e404b246
ed6a6e32cfee42,Culture,Desempeño,9b8ff1e404b246
b7256d06c48c4a,Organizational Policies,Conocimiento,9b8ff1e404b246
9d31e37804c94d,Organizational Agility,Desempeño,1f2419b86e604b
e31dc849fc5045,Aviation,Desempeño,
252e7dcb0c5140,Learning,,9aa8eba3c28f4c
c1bb74ab41b643,Business Impact,,9aa8eba3c28f4c
6f890b5a548a4c,Performance,,efa91a81ba9c47
f66f5e442b0943,Lógistica,Desempeño,efa91a81ba9c47
00ae546558bc4a,English,Conocimiento,93bee3039ae647
882a7ea24da541,Liderazgo,Conocimiento,93bee3039ae647
af37be879fa540,OH&S- Risks Management,Desempeño,71fac79657674c
54f9b51578b84a,OH&S-Operational Discipline,Resultado del negocio,71fac79657674c
0fce0957431042,Business Impact,,71fac79657674c
ca6689c39cc84e,Safety At Work,Desempeño,71fac79657674c
43c161a547b043,"Diversity, Equity & Inclusion",Conocimiento,0bf5d92466db43
37187fcb12db47,Concrete,Resultado del negocio,f8d721b610b540
6e55b71576d646,Gouvernement Corporatif,Conocimiento,9b8ff1e404b246
53dbade6ce6c42,Performance,Conocimiento,9b8ff1e404b246
71224712f88f4c,Politiques organisationnelles,Conocimiento,9b8ff1e404b246
18ffc3e7c26549,Des risques,Conocimiento,9b8ff1e404b246
f39b6b068d2544,Gestion Humaine,Desempeño,efa91a81ba9c47
1321042a57a549,Gestion Humaine,Conocimiento,efa91a81ba9c47
8cb9aa94ccfe48,Direction,Conocimiento,efa91a81ba9c47
08943452d0e946,SST - Discipline opérationnelle,Resultado del negocio,71fac79657674c
a17f77700f484d,Organisatiebeleid,Conocimiento,9b8ff1e404b246
a3e78e2c3f6140,Aplicación En El Desempeño,Conocimiento,9b8ff1e404b246
e476f1e309ba40,Resultado De Negocio,,9b8ff1e404b246
b743fe2ef1c04f,Políticas Organizacionales,Resultado del negocio,9b8ff1e404b246
cc3575676a6f4a,Seguridad y Salud en el Trabajo,Conocimiento,9b8ff1e404b246
bf465577afa54b,Aplicación En El Desempeño,,9b8ff1e404b246
837250aac32545,Aprendizaje,,9b8ff1e404b246
ae5cfea7097245,Competencias blandas,Conocimiento,9b8ff1e404b246
0f867be0af654d,Transformación,Conocimiento,c5d4036ccf7a48
7b25399c60bf47,Cadena De Abastecimiento,,1f2419b86e604b
35233c3fd0094a,Aviación,Resultado del negocio,
cb067e0106e645,Avión,Resultado del negocio,
af147b64025d4f,Aprendizaje,Conocimiento,9aa8eba3c28f4c
52629a2cdb6643,Resultado De Negocio,,9aa8eba3c28f4c
77784291c0854d,Ti,Resultado del negocio,9aa8eba3c28f4c
6c03c16290d44c,Aplicación En El Desempeño,,9aa8eba3c28f4c
fcb501b782ae44,Tecnologías de Información Funcionales,Resultado del negocio,9aa8eba3c28f4c
b72f035f324346,Aplicación En El Desempeño,,efa91a81ba9c47
34a2efaa3a9843,Habilidad Funcional y Técnica,Conocimiento,efa91a81ba9c47
16fb490157d644,competencias blandas,Conocimiento,efa91a81ba9c47
44f98e0e1f8344,Modelo De Procesos,Conocimiento,efa91a81ba9c47
4b82cd07a94f43,Aplicación En El Desempeño,Conocimiento,efa91a81ba9c47
9c2c8f4bad2841,Aplicación En El Desempeño,Desempeño,efa91a81ba9c47
2d34a347a8d040,Resultado De Negocio,,71fac79657674c
f4ec6d6fd6c04e,Aprendizaje,,71fac79657674c
8519ff5782fb41,Legal D&I,Resultado del negocio,71fac79657674c
59c9131bb9e64a,Gestión Humana,,71fac79657674c
697d9ca6400048,Administración De Procesos,Resultado del negocio,71fac79657674c
dd54bf5a81b349,Gestión Humana,Desempeño,71fac79657674c
8ceaa12408db49,Legal D&I,Resultado del negocio,0bf5d92466db43
8baf0cac47d44d,Sesgos cognitivos,Resultado del negocio,0bf5d92466db43
80a40f2d93e647,SISO,Desempeño,f8d721b610b540
384b51f9c32c41,Aplicación En El Desempeño,Desempeño,f8d721b610b540
35c424240b1f4e,Servicio Al Cliente,Desempeño,f8d721b610b540
36f7d0b852fe4b,SISO,Conocimiento,f8d721b610b540
61eab0d9321c44,Aprendizaje,,f8d721b610b540
b0f56467f0c746,Aplicación En El Desempeño,,f8d721b610b540
7b2779ee850a40,Gestion De Operación Y Mantenimiento Vías Y Aeropuertos,Conocimiento,3afe98f2102b4d
492913de837640,Gestión de estructuración proyectos,Resultado del negocio,3afe98f2102b4d
1e86990cbaca45,Manteniento,Resultado del negocio,8711f4f7f40c40
4ee8e15a419942,Academia E4,Conocimiento,
12ccba1e2f9a46,Gerencia de Procesos,Desempeño,
5c5a01a6ede345,,Resultado del negocio,
17bd924455584b,Corporate governance,Conocimiento,9b8ff1e404b246
24a41061deef4b,Human Rights,Conocimiento,71fac79657674c
473b91cc55e64a,Entreprise,Conocimiento,9b8ff1e404b246
e084e486717f46,EntrepriseGouvernement Corporatif,Conocimiento,9b8ff1e404b246
d23a95c4fb2344,Droits Humains,Conocimiento,71fac79657674c
af5783f40f7f4c,Mensenrechten,Conocimiento,71fac79657674c
26b792329fd347,Competencias Blandas,Desempeño,
665c8bf5b7cd45,Gobierno Corporativa,Conocimiento,9b8ff1e404b246
